<thesaurus xmlns="http://www.w3.org/xqftts/thesarus">
  <entry>
    <term>duties</term>
    <synonym>
      <term>tasks</term>
      <relationship>UF</relationship>
    </synonym>
  </entry>
  <entry>
    <term>web site components</term>
    <synonym>
      <term>navigation</term>
      <relationship>NT</relationship>
    </synonym>
    <synonym>
      <term>layout</term>
      <relationship>NT</relationship>
    </synonym>
     <synonym>
      <term>terminology</term>
      <relationship>NT</relationship>
    </synonym>   
  </entry>
    <entry>
    <term>quote</term>
    <synonym>
      <term>remarked</term>
      <relationship>UF</relationship>
    </synonym>
  </entry>
      <entry>
    <term>quote</term>
    <synonym>
      <term>remarked</term>
      <relationship>synonyms</relationship>
    </synonym>
  </entry>
  <entry>
    <term>letters</term>
    <synonym>
      <term>correspondence</term>
      <relationship>BT</relationship>
    </synonym>
  </entry> 
  <entry>
    <term>sucessfull</term>
    <synonym>
      <term>successful</term>
      <relationship>misspelling-of</relationship>
    </synonym>
  </entry>  
  <entry>
    <term>AIDS</term>
    <synonym>
      <term>Hepatitis</term>
      <relationship>disease in this category</relationship>
    </synonym>
    <synonym>
      <term>Tuberculosis</term>
      <relationship>disease in this category</relationship>
    </synonym>
  </entry>  
  <entry>
    <term>program</term>
    <synonym>
      <term>software</term>
      <relationship>UF</relationship>
    </synonym>
  </entry>   
   <entry>
    <term>infrastructure</term>
    <synonym>
      <term>networks</term>
          <synonym>
          <term>Web</term>
          <relationship>NT</relationship>
      </synonym>
      <relationship>NT</relationship>
    </synonym>
  </entry>      
</thesaurus>